{"cameraMode":{"drawMode":0,"name":"Shaded","section":"Shading Mode"},"sceneLighting":true,"audioPlay":false,"sceneViewState":{"m_AlwaysRefresh":false,"showFog":true,"showSkybox":true,"showFlares":true,"showImageEffects":true,"showParticleSystems":true,"showVisualEffectGraphs":true,"m_FxEnabled":true},"in2DMode":false,"pivot":{"x":-0.7256772518157959,"y":-1.9890766143798829,"z":0.42068910598754885},"rotation":{"x":-0.03080102428793907,"y":0.8915742635726929,"z":-0.447640985250473,"w":-0.061346180737018588},"size":5.45648717880249,"orthographic":false}