{"cameraMode":{"drawMode":0,"name":"Shaded","section":"Shading Mode"},"sceneLighting":true,"audioPlay":false,"sceneViewState":{"m_AlwaysRefresh":false,"showFog":true,"showSkybox":true,"showFlares":true,"showImageEffects":true,"showParticleSystems":true,"showVisualEffectGraphs":true,"m_FxEnabled":true},"in2DMode":false,"pivot":{"x":-1.4427571296691895,"y":-0.9053401947021484,"z":-0.35930633544921877},"rotation":{"x":0.07576292753219605,"y":0.6995120644569397,"z":-0.07500456273555756,"w":0.7066665887832642},"size":9.101781845092774,"orthographic":true}