{"cameraMode":{"drawMode":0,"name":"Shaded","section":"Shading Mode"},"sceneLighting":false,"audioPlay":false,"sceneViewState":{"m_AlwaysRefresh":false,"showFog":true,"showSkybox":false,"showFlares":true,"showImageEffects":true,"showParticleSystems":true,"showVisualEffectGraphs":true,"m_FxEnabled":true},"in2DMode":false,"pivot":{"x":0.23392674326896668,"y":0.43051326274871828,"z":0.03560259938240051},"rotation":{"x":0.3226528763771057,"y":0.6413634419441223,"z":-0.340975821018219,"w":0.6068938970565796},"size":0.46126556396484377,"orthographic":true}