{"cameraMode":{"drawMode":0,"name":"Shaded","section":"Shading Mode"},"sceneLighting":false,"audioPlay":false,"sceneViewState":{"m_AlwaysRefresh":false,"showFog":true,"showSkybox":false,"showFlares":true,"showImageEffects":true,"showParticleSystems":true,"showVisualEffectGraphs":true,"m_FxEnabled":true},"in2DMode":false,"pivot":{"x":0.10468527674674988,"y":0.6111609935760498,"z":-0.22699278593063355},"rotation":{"x":-0.042337048798799518,"y":0.022480333223938943,"z":0.0009528266964480281,"w":0.9988518953323364},"size":0.5019657611846924,"orthographic":true}