{"cameraMode":{"drawMode":0,"name":"Shaded","section":"Shading Mode"},"sceneLighting":false,"audioPlay":false,"sceneViewState":{"m_AlwaysRefresh":false,"showFog":true,"showSkybox":false,"showFlares":true,"showImageEffects":true,"showParticleSystems":true,"showVisualEffectGraphs":true,"m_FxEnabled":true},"in2DMode":false,"pivot":{"x":0.2671736180782318,"y":0.6103293895721436,"z":-0.19019931554794312},"rotation":{"x":0.07298512011766434,"y":0.04934999719262123,"z":-0.00361589970998466,"w":0.9961072206497192},"size":0.5986034274101257,"orthographic":true}